{"heartbreak": 0.4039703527558727, "whispers": 0.4015789661935641, "silence": 0.3878236015663046, "feelings": 0.3803297277842519, "untold": 0.3774873460295861, "just": 0.3716646901234003, "pain": 0.37087380624642574, "awakening": 0.35436655393053784, "aftermath": 0.3463924645532046, "haste": 0.34103606087407234, "linger": 0.339664065431958, "laughter": 0.3368264838617767, "emotions": 0.3283019810000011, "painful": 0.3216122524532338, "that": 0.3199346037146467, "tears": 0.3195327337687874, "decay": 0.3160407928595087, "heart": 0.3146125444199302, "what": 0.3123327627287958}